{"cameraMode":{"drawMode":0,"name":"Shaded","section":"Shading Mode"},"sceneLighting":true,"audioPlay":false,"sceneViewState":{"showFog":true,"showMaterialUpdate":true,"showSkybox":true,"showFlares":true,"showImageEffects":true,"showParticleSystems":true},"in2DMode":false,"pivot":{"x":24.284669876098634,"y":-351.4151306152344,"z":168.45758056640626},"rotation":{"x":0.53714919090271,"y":0.06191757321357727,"z":-0.041726820170879367,"w":0.840473473072052},"size":803.1220703125,"orthographic":false}